City_ID,City,Lat,Lng,Max Temp,Humidity,Cloudiness,Wind Speed,Country,Date
0,benjamin constant,-4.3831,-70.0311,31.07,74,40,3.6,BR,1681327191
1,ushuaia,-54.8,-68.3,4.81,60,40,10.8,AR,1681327032
2,nishihara,26.1842,127.7558,22.03,88,40,5.14,JP,1681327191
3,mehamn,71.0357,27.8492,-2.05,74,0,5.66,NO,1681327192
4,bengkulu,-3.8004,102.2655,23.91,91,60,1.61,ID,1681327192
5,yar-sale,66.8333,70.8333,-26.09,97,26,4.49,RU,1681327192
6,tuatapere,-46.1333,167.6833,10.97,95,100,2.65,NZ,1681327192
7,hithadhoo,-0.6,73.0833,28.49,70,11,1.98,MV,1681327193
8,butaritari,3.0707,172.7902,27.41,73,97,1.95,KI,1681327193
9,ambulu,-8.345,113.6058,24.38,93,98,1.09,ID,1681327193
10,guilin,25.2819,110.2864,21.06,90,97,0.23,CN,1681327098
11,yellowknife,62.456,-114.3525,-4.71,74,100,3.09,CA,1681326980
12,port elizabeth,-33.918,25.5701,16.72,87,0,1.54,ZA,1681327091
13,geraldton,-28.7667,114.6,14.23,94,40,4.12,AU,1681327194
14,lebu,-37.6167,-73.65,15.93,80,100,3.71,CL,1681327194
15,kirensk,57.7853,108.1119,-8.99,97,100,1.3,RU,1681327194
16,gotsu,35.0,132.2167,9.89,59,0,3.24,JP,1681327195
17,gat,31.61,34.7642,13.38,100,7,5.08,IL,1681327141
18,puerto escondido,15.85,-97.0667,31.46,66,20,6.17,MX,1681327195
19,salalah,17.0151,54.0924,28.05,74,20,2.06,OM,1681327195
20,itupiranga,-5.1347,-49.3267,33.18,77,39,0.92,BR,1681327015
21,khatanga,71.9667,102.5,-8.74,80,94,10.67,RU,1681327196
22,rikitea,-23.1203,-134.9692,25.24,69,76,5.66,PF,1681327196
23,mahebourg,-20.4081,57.7,24.58,88,20,2.06,MU,1681327196
24,punta arenas,-53.15,-70.9167,7.01,56,0,3.6,CL,1681326913
25,tautira,-17.7333,-149.15,27.0,73,14,3.46,PF,1681327197
26,aden,12.7794,45.0367,28.12,80,69,8.73,YE,1681327197
27,kemijarvi,66.7131,27.4306,-4.86,89,8,2.59,FI,1681327197
28,albany,42.6001,-73.9662,25.03,33,1,5.94,US,1681326959
29,benguela,-12.5763,13.4055,26.33,83,100,1.72,AO,1681327198
30,mataura,-46.1927,168.8643,11.38,98,100,2.72,NZ,1681327198
31,saint-philippe,-21.3585,55.7679,24.77,83,37,0.52,RE,1681327198
32,ayan,56.45,138.1667,-5.72,94,98,6.61,RU,1681327199
33,ilulissat,69.2167,-51.1,-3.99,93,75,2.57,GL,1681327199
34,mahibadhoo,3.7833,72.9667,28.42,76,14,5.17,MV,1681327199
35,guerrero negro,27.9769,-114.0611,18.18,58,98,6.62,MX,1681326914
36,margate,51.3813,1.3862,7.95,88,100,3.58,GB,1681327200
37,barrow,71.2906,-156.7887,-22.99,77,75,5.14,US,1681327200
38,torbay,47.6666,-52.7314,7.43,56,75,5.66,CA,1681327200
39,bambous virieux,-20.3428,57.7575,24.56,88,20,2.06,MU,1681327201
40,varhaug,58.6147,5.6457,7.72,89,100,12.36,NO,1681327201
41,sinnamary,5.3833,-52.95,27.74,75,70,4.38,GF,1681327202
42,jumla,29.2747,82.1838,9.1,43,3,1.87,NP,1681326907
43,mayahi,13.9553,7.6712,30.44,10,17,5.15,NE,1681327202
44,tiksi,71.6872,128.8694,-26.41,100,94,1.25,RU,1681327203
45,arraial do cabo,-22.9661,-42.0278,25.98,73,75,8.23,BR,1681327203
46,dunedin,-45.8742,170.5036,11.56,99,100,0.45,NZ,1681327132
47,namibe,-15.1961,12.1522,23.07,72,42,3.05,AO,1681327204
48,bani walid,31.7566,13.9942,19.27,25,0,4.0,LY,1681327205
49,gafanha da encarnacao,40.6181,-8.733,13.76,68,2,7.6,PT,1681327205
50,bambanglipuro,-7.95,110.2833,25.14,88,100,1.83,ID,1681327052
51,roald,62.5833,6.1333,11.29,50,0,7.2,NO,1681327206
52,muravlenko,63.7898,74.523,-28.16,97,25,3.27,RU,1681327207
53,taltal,-25.4,-70.4833,21.08,69,24,2.74,CL,1681327208
54,kuala terengganu,5.3302,103.1408,26.97,89,20,1.03,MY,1681327208
55,alta floresta,-9.8756,-56.0861,32.9,58,40,2.06,BR,1681327209
56,northam,51.0333,-4.2167,9.23,78,100,15.88,GB,1681327210
57,jamestown,42.097,-79.2353,22.8,40,20,12.86,US,1681327185
58,busselton,-33.65,115.3333,18.62,73,96,7.72,AU,1681327211
59,tikhvin,59.6451,33.5294,2.34,91,73,3.11,RU,1681327211
60,samarai,-10.6167,150.6667,27.63,76,83,1.89,PG,1681327212
61,palmer,42.1584,-72.3287,25.65,26,40,6.17,US,1681327212
62,gorshechnoye,51.5244,38.0365,10.82,50,100,7.59,RU,1681327213
63,bredasdorp,-34.5322,20.0403,14.13,77,100,2.38,ZA,1681327214
64,gazli,40.1333,63.45,24.21,28,100,5.55,UZ,1681327215
65,cape town,-33.9258,18.4232,16.73,69,0,3.09,ZA,1681327200
66,broken hill,-31.95,141.4333,11.48,84,0,4.64,AU,1681327216
67,saldanha,-33.0117,17.9442,16.03,80,100,4.21,ZA,1681327216
68,birobidzhan,48.8,132.95,1.48,64,100,3.49,RU,1681327216
69,leningradskiy,69.3833,178.4167,-21.97,96,100,2.2,RU,1681327217
70,kodiak,57.79,-152.4072,5.73,49,72,6.69,US,1681327217
71,qixingtai,30.4135,111.8874,19.29,76,7,0.25,CN,1681327218
72,mar del plata,-38.0023,-57.5575,17.83,67,40,4.12,AR,1681327141
73,youghal,51.95,-7.8506,7.56,79,100,11.62,IE,1681327208
74,belaya gora,68.5333,146.4167,-18.13,97,95,1.21,RU,1681327220
75,clyde river,70.4692,-68.5914,-13.87,72,100,12.35,CA,1681327220
76,mahajanga,-15.7167,46.3167,26.26,77,1,1.58,MG,1681327221
77,mantua,45.1667,10.7833,15.34,67,100,2.24,IT,1681326636
78,krugersdorp,-26.0858,27.7752,15.12,82,5,2.3,ZA,1681327222
79,narsaq,60.9167,-46.05,4.12,74,41,0.67,GL,1681327222
80,coihaique,-45.5752,-72.0662,13.34,43,0,3.09,CL,1681327223
81,hobart,-42.8794,147.3294,12.92,95,100,1.03,AU,1681327159
82,taoudenni,22.6783,-3.9836,30.17,7,100,2.34,ML,1681327225
83,nome,64.5011,-165.4064,-19.91,64,0,0.0,US,1681327225
84,kavieng,-2.5744,150.7967,26.72,83,100,6.46,PG,1681327226
85,cidreira,-30.1811,-50.2056,27.6,59,100,2.5,BR,1681327226
86,launceston,-41.45,147.1667,12.86,90,3,4.63,AU,1681327227
87,shenkursk,62.1091,42.896,-1.24,94,100,4.28,RU,1681327227
88,abu dhabi,24.4667,54.3667,29.41,44,0,2.57,AE,1681327146
89,coquimbo,-29.9533,-71.3436,18.46,77,94,3.89,CL,1681326522
90,sao filipe,14.8961,-24.4956,22.34,77,13,3.32,CV,1681327229
91,tuktoyaktuk,69.4541,-133.0374,-21.0,71,40,7.72,CA,1681327229
92,talnakh,69.4865,88.3972,-27.11,97,100,2.63,RU,1681327229
93,kropotkin,45.4375,40.5756,11.95,91,100,5.83,RU,1681327230
94,eyl,7.9803,49.8164,28.31,72,99,5.96,SO,1681327230
95,atar,20.5169,-13.0499,31.36,32,100,3.48,MR,1681327231
96,sotnikovo,51.8845,107.4791,1.05,69,75,11.18,RU,1681327231
97,new norfolk,-42.7826,147.0587,12.73,81,67,0.43,AU,1681327232
98,samana,19.2056,-69.3369,31.12,62,20,4.12,DO,1681327233
99,labuhan,-6.8844,112.2051,25.44,90,100,3.99,ID,1681327233
100,lake charles,30.2131,-93.2044,22.99,65,75,6.17,US,1681326973
101,westport,41.1415,-73.3579,28.83,26,0,5.14,US,1681327234
102,rivadavia,-33.1905,-68.4608,15.39,61,100,8.24,AR,1681327234
103,bluff,-46.6,168.3333,11.56,86,100,9.2,NZ,1681327235
104,santa rosa,14.3122,121.1114,25.99,94,100,1.72,PH,1681327235
105,kavaratti,10.5669,72.642,28.71,73,3,2.72,IN,1681327235
106,bonthe,7.5264,-12.505,27.41,77,39,5.37,SL,1681327236
107,goundam,16.4145,-3.6708,32.19,12,76,7.01,ML,1681327236
108,mudgee,-32.5943,149.5871,11.55,96,15,1.91,AU,1681327073
109,atuona,-9.8,-139.0333,27.29,67,100,5.93,PF,1681327237
110,upernavik,72.7868,-56.1549,-6.17,85,63,3.2,GL,1681327092
111,carnarvon,-24.8667,113.6333,21.81,75,8,9.43,AU,1681327237
112,victoria,22.2855,114.1577,23.44,90,100,0.89,HK,1681327219
113,irbeyskoye,55.6428,95.4522,-3.36,66,97,4.41,RU,1681327238
114,saint george,37.1041,-113.5841,27.36,19,0,9.26,US,1681327238
115,hamilton,39.1834,-84.5333,26.16,32,0,4.63,US,1681327169
116,aleksandrovskiy zavod,50.9237,117.9374,-7.94,80,7,1.05,RU,1681327239
117,soyo,-6.1349,12.3689,25.72,86,100,2.34,AO,1681327239
118,talara,-4.5772,-81.2719,28.42,78,75,2.06,PE,1681327240
119,kaitangata,-46.2817,169.8464,11.3,93,100,4.79,NZ,1681327240
120,la rioja,42.25,-2.5,3.88,98,100,1.79,ES,1681327240
121,terney,45.0503,136.6092,2.33,63,100,3.92,RU,1681327240
122,hilo,19.7297,-155.09,24.03,82,100,2.24,US,1681327177
123,ahipara,-35.1667,173.1667,16.13,94,44,2.58,NZ,1681327241
124,san cristobal,7.7669,-72.225,28.1,54,100,3.02,VE,1681327241
125,aykhal,66.0,111.5,-19.29,87,87,3.83,RU,1681327241
126,buzmeyin,38.0507,58.2056,24.85,22,20,3.09,TM,1681327241
127,killybegs,54.6333,-8.45,7.84,77,100,13.3,IE,1681327242
128,port hardy,50.6996,-127.4199,8.1,71,40,6.69,CA,1681327045
129,barra do garcas,-15.89,-52.2567,25.32,94,75,2.06,BR,1681327242
130,george town,5.4112,100.3354,28.97,89,20,1.03,MY,1681327243
131,dikson,73.5069,80.5464,-21.36,95,90,8.1,RU,1681327243
132,chernyshevskiy,63.0128,112.4714,-18.1,98,85,1.76,RU,1681327243
133,tura,25.5198,90.2201,24.2,27,0,1.89,IN,1681327243
134,tasiilaq,65.6145,-37.6368,2.09,92,70,5.07,GL,1681327244
135,kendari,-3.945,122.4989,24.59,92,97,0.41,ID,1681327244
136,raudeberg,61.9875,5.1352,9.93,49,86,3.11,NO,1681327244
137,marystown,47.1666,-55.1483,3.81,100,100,1.34,CA,1681327088
138,russell,32.3502,-85.1999,24.78,29,20,3.6,US,1681327244
139,georgetown,5.4112,100.3354,28.97,89,20,1.03,MY,1681327148
140,angren,41.0167,70.1436,14.46,55,32,3.45,UZ,1681327245
141,vostok,46.4856,135.8833,-1.93,72,99,4.24,RU,1681327245
142,te anau,-45.4167,167.7167,10.07,96,100,1.89,NZ,1681327245
143,saint-francois,46.4154,3.9054,7.76,73,75,2.06,FR,1681327014
144,ancud,-41.8697,-73.8203,15.87,60,100,2.25,CL,1681327246
145,kapaa,22.0752,-159.319,24.99,83,20,8.75,US,1681327247
146,avarua,-21.2078,-159.775,27.03,74,98,4.63,CK,1681327247
147,ostrovnoy,68.0531,39.5131,-7.59,76,100,2.36,RU,1681327248
148,graaff-reinet,-32.2522,24.5308,16.62,41,100,0.35,ZA,1681327248
149,pontalina,-17.525,-49.4472,27.56,66,87,0.07,BR,1681327248
150,tyrma,50.0833,132.1667,-2.22,95,100,0.4,RU,1681327249
151,ulaanbaatar,47.9077,106.8832,-4.93,74,0,1.0,MN,1681327101
152,vaini,-21.2,-175.2,26.09,83,20,3.09,TO,1681327249
153,barreirinhas,-2.7469,-42.8264,29.44,67,100,4.42,BR,1681327249
154,beringovskiy,63.05,179.3167,-20.01,93,67,4.7,RU,1681327250
155,lakes entrance,-37.8811,147.981,9.53,93,19,2.97,AU,1681327250
156,sao jose da coroa grande,-8.8978,-35.1478,27.61,75,96,4.81,BR,1681327250
157,neiafu,-18.65,-173.9833,27.38,83,40,3.6,TO,1681327250
158,matagami,49.7502,-77.6328,9.06,46,0,1.03,CA,1681327251
159,pisco,-13.7,-76.2167,26.03,65,0,4.12,PE,1681327251
160,daru,-9.0763,143.2092,25.15,88,97,2.04,PG,1681327252
161,zhigansk,66.7697,123.3711,-24.17,100,100,1.6,RU,1681327252
162,saskylakh,71.9167,114.0833,-13.47,91,100,7.62,RU,1681327252
163,nikolskoye,59.7035,30.7861,7.94,94,32,2.57,RU,1681327252
164,clifton,40.8584,-74.1638,29.6,24,0,8.75,US,1681327143
165,fukue,32.6881,128.8419,15.12,54,44,4.45,JP,1681327253
166,semme,46.1963,1.5007,7.23,80,0,4.9,FR,1681327253
167,ust-ishim,57.6935,71.1665,1.3,82,99,2.43,RU,1681327253
168,murgab,37.4966,61.9714,26.93,19,100,4.12,TM,1681327253
169,jiwani,25.05,61.7417,25.47,80,0,4.1,PK,1681327254
170,vila,42.0304,-8.1588,5.49,68,12,2.93,PT,1681327254
171,khilok,51.3674,110.4676,-4.74,95,97,1.27,RU,1681327254
172,east london,-33.0153,27.9116,19.81,71,100,3.13,ZA,1681327254
173,tombouctou,20.0,-3.0,30.05,8,100,4.43,ML,1681327254
174,sobolevo,54.4299,31.8996,10.56,58,100,4.07,RU,1681327255
175,gualeguay,-33.1416,-59.3097,22.24,50,90,6.22,AR,1681327255
176,fare,-16.7,-151.0167,27.95,67,71,4.53,PF,1681327255
177,kedrovyy,56.1667,91.8167,-2.77,75,100,5.09,RU,1681327255
178,faanui,-16.4833,-151.75,28.09,67,84,4.08,PF,1681327255
179,haines junction,60.7522,-137.5108,1.97,41,100,1.54,CA,1681327256
180,port augusta,-32.5,137.7667,12.37,85,11,1.44,AU,1681327256
181,rocha,-34.4833,-54.3333,19.45,71,100,6.66,UY,1681327028
182,pahrump,36.2083,-115.9839,25.17,26,100,6.26,US,1681327256
183,olafsvik,64.8945,-23.7142,4.31,73,100,3.81,IS,1681327257
184,rio grande,-32.035,-52.0986,23.06,63,88,2.07,BR,1681327257
185,castro,-24.7911,-50.0119,22.58,65,91,2.07,BR,1681327257
186,xining,36.6167,101.7667,8.85,40,100,2.77,CN,1681327257
187,sao felix do xingu,-6.6447,-51.995,28.47,78,72,1.48,BR,1681327258
188,novaya igirma,57.1334,103.9112,-9.03,96,99,1.76,RU,1681327258
189,amapa,1.0,-52.0,30.2,64,43,1.03,BR,1681327258
190,muros,42.7762,-9.0603,12.6,62,6,5.84,ES,1681327258
191,nanortalik,60.1432,-45.2371,1.02,88,100,0.71,GL,1681327258
192,puerto ayora,-0.7393,-90.3518,30.98,85,83,3.58,EC,1681327259
193,lao cai,22.4833,103.95,23.43,92,72,0.48,VN,1681327259
194,bilibino,68.0546,166.4372,-26.44,98,75,1.2,RU,1681327259
195,sinegorye,62.0788,150.477,-19.1,72,39,1.7,RU,1681327260
196,qaanaaq,77.484,-69.3632,-15.22,80,100,0.93,GL,1681327260
197,bethel,41.3712,-73.414,28.13,28,0,6.17,US,1681327260
198,chuy,-33.6971,-53.4616,19.08,88,100,5.09,UY,1681327260
199,selikhino,50.3672,137.4996,-2.09,93,100,5.43,RU,1681327261
200,azul,-36.777,-59.8585,16.86,46,100,6.26,AR,1681327261
201,ilo,-17.6394,-71.3375,24.48,73,0,4.12,PE,1681327261
202,cayenne,4.9333,-52.3333,29.02,74,75,5.66,GF,1681327174
203,hermanus,-34.4187,19.2345,15.45,80,100,3.01,ZA,1681327262
204,sochi,43.6,39.7303,11.05,96,100,3.46,RU,1681327262
205,maragogi,-9.0122,-35.2225,27.45,75,97,4.62,BR,1681327263
206,avera,33.194,-82.5271,25.86,27,4,3.4,US,1681327263
207,salinopolis,-0.6136,-47.3561,28.09,75,78,3.85,BR,1681327264
208,necochea,-38.5473,-58.7368,15.41,47,100,9.14,AR,1681327264
209,muriwai beach,-36.8167,174.45,16.86,98,30,1.88,NZ,1681327265
210,chokurdakh,70.6333,147.9167,-19.65,95,100,1.39,RU,1681327265
211,airai,-8.9266,125.4092,16.15,93,100,1.1,TL,1681327265
212,nampa,43.5407,-116.5635,9.71,40,100,6.17,US,1681327266
213,saryozek,44.3583,77.9753,6.93,57,0,2.41,KZ,1681327266
214,pevek,69.7008,170.3133,-22.04,95,95,2.03,RU,1681327267
215,kalmunai,7.4167,81.8167,27.07,80,81,1.33,LK,1681327267
216,porto novo,6.4965,2.6036,28.9,80,51,3.1,BJ,1681327268
217,chimoio,-19.1164,33.4833,17.0,97,5,1.08,MZ,1681327268
218,saint-pierre,-21.3393,55.4781,24.82,83,20,1.03,RE,1681327269
219,bogorodskoye,56.55,37.8833,9.17,64,100,2.7,RU,1681327269
220,tabou,4.423,-7.3528,27.3,84,14,2.98,CI,1681327269
221,nichinan,31.6,131.3667,12.82,85,6,1.29,JP,1681327270
222,chengde,40.9725,117.9361,8.67,39,2,0.7,CN,1681327272
223,thompson,55.7435,-97.8558,-1.91,93,100,2.57,CA,1681327272
224,qitaihe,45.8,130.85,0.65,48,18,2.92,CN,1681327273
225,talcahuano,-36.7167,-73.1167,16.82,82,75,4.12,CL,1681327273
226,baghdad,33.3406,44.4009,15.95,94,75,11.32,IQ,1681327009
227,tazovskiy,67.4667,78.7,-26.03,100,97,4.46,RU,1681327274
228,awjilah,29.1081,21.2869,19.36,27,0,4.07,LY,1681327274
229,orange,33.7,-117.7675,19.25,85,100,2.06,US,1681327265
230,cloquet,46.7216,-92.4594,22.52,44,0,5.14,US,1681327139
231,port alfred,-33.5906,26.891,17.88,84,100,0.45,ZA,1681327275
232,sweetwater,25.7634,-80.3731,25.56,91,100,5.81,US,1681327276
233,de-kastri,51.4667,140.7833,-2.43,96,100,3.99,RU,1681327276
234,kieta,-6.2167,155.6333,25.37,86,100,1.18,PG,1681327276
235,malakal,9.5334,31.6605,33.52,36,100,1.36,SS,1681327277
236,kamenka,51.3223,42.7678,10.78,54,100,4.67,RU,1681327277
237,muroto,33.2833,134.15,14.29,64,0,2.87,JP,1681327256
238,semnan,35.5729,53.3971,21.45,28,98,0.61,IR,1681327278
239,bathsheba,13.2167,-59.5167,29.34,58,40,8.23,BB,1681327278
240,cherskiy,68.75,161.3,-28.36,100,100,2.26,RU,1681327278
241,williams lake,52.1415,-122.1445,6.7,72,75,1.03,CA,1681327279
242,azanka,58.0401,64.7893,2.89,78,82,2.27,RU,1681327280
243,rumonge,-3.9736,29.4386,22.45,83,87,1.64,BI,1681327280
244,oyama,36.3,139.8,15.33,50,14,2.42,JP,1681327281
245,mayumba,-3.432,10.6554,26.93,85,97,2.79,GA,1681327036
246,kusa,55.3383,59.4406,3.99,74,30,1.96,RU,1681327282
247,kahului,20.8947,-156.47,26.02,59,0,7.72,US,1681327282
248,broome,42.2506,-75.833,26.48,35,20,10.29,US,1681327282
249,khani,41.9563,42.9566,5.76,98,100,1.44,GE,1681327283
250,salinas,36.6777,-121.6555,16.67,61,40,7.72,US,1681327283
251,ferrenafe,-6.6389,-79.7889,29.9,58,75,5.66,PE,1681327284
252,portland,45.5234,-122.6762,8.16,85,100,5.14,US,1681326720
253,bukama,-9.2,25.85,22.28,94,100,0.48,CD,1681327284
254,banda aceh,5.5577,95.3222,26.91,81,73,2.76,ID,1681327285
255,solwezi,-12.1688,26.3894,17.37,96,100,1.72,ZM,1681327285
256,porto torres,40.835,8.3972,16.1,81,0,4.53,IT,1681327285
257,sorrento,40.626,14.3744,14.76,94,0,0.0,IT,1681326949
258,manyana,-23.4,21.7167,22.28,30,0,4.09,BW,1681327286
259,hutchinson,38.0608,-97.9298,27.24,37,0,9.77,US,1681327154
260,hasaki,35.7333,140.8333,11.22,57,100,9.98,JP,1681327287
261,berlevag,70.8578,29.0864,-2.03,64,0,7.2,NO,1681327288
262,alofi,-19.0595,-169.9187,25.94,78,34,4.12,NU,1681327288
263,severo-kurilsk,50.6789,156.125,-0.76,95,100,10.46,RU,1681327289
264,esfarayen,37.0765,57.5101,18.81,23,18,6.72,IR,1681327289
265,pafos,34.7667,32.4167,15.88,67,40,9.77,CY,1681327180
266,vilyuysk,63.7553,121.6247,-18.62,100,81,1.72,RU,1681327290
267,ambilobe,-13.2,49.05,24.67,86,90,0.99,MG,1681327291
268,narrabri,-30.3167,149.7833,9.18,94,20,2.1,AU,1681327291
269,deputatskiy,69.3,139.9,-27.31,98,11,2.36,RU,1681327292
270,bima,-8.4667,118.7167,25.08,94,96,0.49,ID,1681327292
271,maumere,-8.6199,122.2111,26.49,86,100,2.69,ID,1681327293
272,mandera,3.9366,41.867,30.49,50,100,6.25,KE,1681327293
273,kudahuvadhoo,2.6708,72.8944,28.5,75,15,5.35,MV,1681327293
274,provideniya,64.3833,-173.3,-15.73,86,50,2.27,RU,1681327294
275,yulara,-25.2406,130.9889,25.72,45,100,2.97,AU,1681327294
276,kalangala,-0.3089,32.225,22.64,69,72,3.86,UG,1681327295
277,kidal,18.4411,1.4078,32.1,10,100,2.42,ML,1681327295
278,jibuti,11.5,42.5,24.92,73,78,9.31,DJ,1681327295
279,alyangula,-13.8483,136.4192,27.49,78,39,2.91,AU,1681327296
280,camana,-16.6228,-72.7111,24.23,72,75,4.08,PE,1681327296
281,kloulklubed,7.0419,134.2556,28.18,78,42,3.63,PW,1681327297
282,tagusao,9.1924,117.8141,26.24,82,13,0.99,PH,1681327297
283,fortuna,40.5982,-124.1573,12.03,65,6,4.47,US,1681327297
284,muret,43.3333,1.25,9.11,86,100,5.57,FR,1681327298
285,saint anthony,45.0205,-93.218,29.8,36,0,7.2,US,1681327298
286,richards bay,-28.783,32.0377,21.33,79,100,3.92,ZA,1681327298
287,sembakung,3.8167,117.25,23.08,99,22,0.38,ID,1681327102
288,longyearbyen,78.2186,15.6401,-0.09,80,75,3.6,SJ,1681327299
289,souillac,-20.5167,57.5167,24.21,88,20,2.06,MU,1681327299
290,komatipoort,-25.4332,31.9548,19.47,78,1,1.43,ZA,1681327299
291,anloga,5.7947,0.8973,28.53,80,14,4.32,GH,1681327300
292,skotterud,59.9828,12.1283,4.52,97,100,2.3,NO,1681327300
293,barao de melgaco,-16.1944,-55.9675,30.93,53,99,2.03,BR,1681327301
294,port-cartier,50.0334,-66.8654,12.82,78,97,2.18,CA,1681327301
295,otukpo,7.1913,8.1329,29.61,55,34,3.33,NG,1681327301
296,monte patria,-30.6919,-70.9467,26.74,35,75,3.76,CL,1681327301
297,kumta,14.4167,74.4,25.99,88,18,0.28,IN,1681327302
298,quang ngai,15.1167,108.8,24.77,93,82,2.17,VN,1681327302
299,ribeira grande,38.5167,-28.7,17.22,88,75,4.12,PT,1681327302
300,grand gaube,-20.0064,57.6608,24.65,86,22,4.35,MU,1681327303
301,teguise,29.0605,-13.564,19.12,68,0,9.77,ES,1681327303
302,katsuura,35.1333,140.3,13.32,72,100,10.33,JP,1681327303
303,zalesovo,53.9939,84.7431,-0.85,72,100,4.13,RU,1681327304
304,iqaluit,63.7506,-68.5145,-6.15,63,75,0.0,CA,1681327304
305,bhag,29.0415,67.8239,31.76,18,0,3.02,PK,1681327305
306,nizwa,22.9333,57.5333,26.63,43,90,1.44,OM,1681327284
307,pagudpud,18.5616,120.7868,25.4,91,79,5.97,PH,1681327305
308,bonavista,48.6499,-53.1147,2.38,82,100,3.58,CA,1681327305
309,boguchar,49.9358,40.545,11.06,65,100,8.39,RU,1681327305
310,manta,-0.95,-80.7333,30.88,70,40,2.57,EC,1681327306
311,sumenep,-7.0167,113.8667,25.7,88,98,3.43,ID,1681327306
312,dhone,15.4167,77.8833,29.83,24,0,4.01,IN,1681327307
313,urumqi,43.801,87.6005,6.53,81,0,2.0,CN,1681327307
314,kashi,39.4547,75.9797,16.56,23,86,4.0,CN,1681327307
315,sistranda,63.7256,8.834,8.98,69,1,10.98,NO,1681327308
316,skibbereen,51.55,-9.2667,8.39,68,0,10.02,IE,1681327308
317,lujan,-34.5703,-59.105,17.84,48,100,5.23,AR,1681327203
318,singapore,1.2897,103.8501,28.02,88,75,2.57,SG,1681326770
319,san vicente,-26.6167,-54.1333,29.29,31,0,1.48,AR,1681327308
320,two rivers,44.1539,-87.5693,29.27,34,0,8.75,US,1681327309
321,topeka,39.0483,-95.678,27.72,36,0,9.77,US,1681327309
322,san andres,12.5847,-81.7006,30.01,70,40,5.14,CO,1681327309
323,palu,-0.8917,119.8707,24.46,95,90,1.06,ID,1681327309
324,flin flon,54.7682,-101.865,4.91,70,75,6.17,CA,1681327310
325,yaan,7.3833,8.5667,31.72,45,12,4.14,NG,1681327310
326,faya,18.3851,42.4509,18.06,52,5,2.93,SA,1681327310
327,san quintin,30.4833,-115.95,16.57,68,91,5.32,MX,1681327311
328,charlestown,-32.95,151.6667,15.38,96,92,0.89,AU,1681327311
329,dingle,10.9995,122.6711,23.71,81,100,0.8,PH,1681327312
330,yarmouth,41.7057,-70.2286,24.26,23,0,4.63,US,1681327174
331,tilichiki,60.4667,166.1,-16.63,88,100,3.44,RU,1681327312
332,alvin,29.4238,-95.2441,26.18,58,75,5.14,US,1681327312
333,bagdarin,54.4333,113.6,-6.04,86,100,1.89,RU,1681327312
334,puri,19.8,85.85,29.29,82,0,5.76,IN,1681327313
335,kruisfontein,-34.0033,24.7314,15.49,62,100,0.52,ZA,1681327313
336,hobyo,5.3505,48.5268,28.43,75,99,5.47,SO,1681327313
337,anaconda,46.1285,-112.9423,1.55,78,99,1.8,US,1681327314
338,rapid city,44.0805,-103.231,22.07,35,0,3.58,US,1681327265
339,harare,-17.8294,31.0539,16.52,89,81,3.08,ZW,1681327314
340,sept-iles,50.2001,-66.3821,13.0,56,75,4.63,CA,1681327314
341,tucumcari,35.1717,-103.725,30.52,11,0,6.17,US,1681327315
342,nuuk,64.1835,-51.7216,0.34,80,20,4.63,GL,1681327202
343,shimoda,34.6667,138.95,11.72,73,1,4.14,JP,1681327297
344,pacific grove,36.6177,-121.9166,16.42,68,0,7.72,US,1681327043
345,padang,-0.9492,100.3543,24.97,87,92,0.97,ID,1681327315
346,sola,-13.8833,167.55,28.32,70,62,4.15,VU,1681327316
347,aksu,41.1231,80.2644,13.03,35,39,1.99,CN,1681327316
348,soma,39.1855,27.6094,11.55,88,58,2.06,TR,1681327317
349,cockburn town,21.4612,-71.1419,25.79,76,7,5.33,TC,1681327317
350,terrak,65.087,12.3715,10.93,87,66,7.03,NO,1681327318
351,salamiyah,35.0113,37.0532,9.3,86,100,8.99,SY,1681327318
352,sikasso,10.9167,-7.0,34.79,14,11,1.82,ML,1681327318
353,ponta do sol,32.6667,-17.1,20.4,73,6,2.94,PT,1681327318
354,siniscola,40.5719,9.6922,14.75,67,0,1.58,IT,1681327319
355,bubaque,11.2833,-15.8333,25.29,76,98,7.54,GW,1681327097
356,jalu,29.0331,21.5482,19.41,26,0,3.87,LY,1681327319
357,jupiter,26.9342,-80.0942,22.03,94,100,4.47,US,1681327027
358,marquette,46.5333,-87.6335,23.76,40,2,3.13,US,1681327259
359,caiaponia,-16.9567,-51.8103,26.77,68,55,1.62,BR,1681327321
360,codrington,-38.2667,141.9667,14.83,94,92,1.92,AU,1681327321
361,vardo,70.3705,31.1107,-0.01,69,75,7.72,NO,1681327322
362,tezu,27.9167,96.1667,21.74,36,0,2.31,IN,1681327156
363,aalsmeer,52.2641,4.7653,10.06,62,20,4.63,NL,1681327322
364,pangnirtung,66.1451,-65.7125,-9.0,62,20,1.54,CA,1681327323
365,batken,39.8333,71.0,7.13,60,100,2.71,KG,1681327323
366,ndele,8.4109,20.6473,28.32,43,100,0.27,CF,1681327324
367,hofn,64.2539,-15.2082,5.94,62,28,0.7,IS,1681327325
368,port lincoln,-34.7333,135.8667,13.78,76,1,1.58,AU,1681327325
369,burnie,-41.0667,145.9167,13.3,88,22,4.26,AU,1681327326
370,marawi,7.9986,124.2928,20.24,92,1,1.35,PH,1681327326
371,santiago,-33.4569,-70.6483,25.16,49,75,5.66,CL,1681326866
372,koungheul,13.9833,-14.8,37.06,23,97,2.35,SN,1681327327
373,griffith,41.5284,-87.4237,27.3,36,0,8.23,US,1681327142
374,maneadero,31.7167,-116.5667,13.94,77,100,2.68,MX,1681327328
375,berezovyy,51.6667,135.7,-4.56,94,100,5.39,RU,1681327329
376,olinda,-8.0089,-34.8553,28.85,70,40,6.17,BR,1681327329
377,kargasok,59.0556,80.8572,0.56,97,100,6.2,RU,1681327330
378,klaksvik,62.2266,-6.589,7.51,90,97,12.63,FO,1681327330
379,tual,-5.6667,132.75,28.45,72,93,2.93,ID,1681327331
380,tiarei,-17.5333,-149.3333,29.01,73,10,3.72,PF,1681327331
381,newtonmore,57.066,-4.1192,2.43,88,100,6.22,GB,1681327332
382,sabha,27.0377,14.4283,19.09,13,0,3.14,LY,1681327332
383,henties bay,-22.116,14.2845,15.58,82,0,3.65,NA,1681327333
384,mahina,-17.5065,-149.489,28.87,70,20,1.54,PF,1681327333
385,tabory,58.5198,64.5495,2.15,82,63,2.36,RU,1681327334
386,vikhorevka,56.1201,101.1636,-7.23,95,82,1.44,RU,1681327335
387,madison,34.7334,-86.5667,25.93,26,0,2.06,US,1681327147
388,riberalta,-10.9833,-66.1,32.11,62,40,3.09,BO,1681327336
389,dinga,32.6398,73.722,25.05,27,0,1.66,PK,1681327337
390,nisia floresta,-6.0911,-35.2086,30.45,72,31,6.06,BR,1681327337
391,palimbang,6.2106,124.1894,25.75,82,11,1.35,PH,1681327337
392,bandarbeyla,9.4942,50.8122,28.3,74,94,4.53,SO,1681327338
393,san jeronimo,-11.9472,-75.2829,17.54,52,62,2.09,PE,1681327339
394,biak,-0.9131,122.8766,24.81,84,92,1.0,ID,1681327339
395,kilakarai,9.2333,78.7833,29.08,68,6,5.66,IN,1681327341
396,kupang,-10.1667,123.5833,25.72,87,65,3.56,ID,1681327341
397,tecoanapa,16.5167,-98.75,30.61,50,0,5.16,MX,1681327342
398,grindavik,63.8424,-22.4338,5.97,70,0,6.69,IS,1681327343
399,neustrelitz,53.3667,13.0833,8.84,88,100,4.39,DE,1681327343
400,galle,6.0367,80.217,26.09,84,87,3.74,LK,1681327344
401,pontianak,-0.0333,109.3333,23.99,100,60,1.03,ID,1681327344
402,marapanim,-0.7175,-47.6997,27.42,86,86,2.26,BR,1681327345
403,nemuro,43.3236,145.575,2.39,78,9,5.33,JP,1681327345
404,williston,48.147,-103.618,13.41,51,92,3.13,US,1681327346
405,poya,-21.35,165.15,23.15,89,81,0.56,NC,1681327347
406,freeport,40.6576,-73.5832,30.99,25,0,8.75,US,1681326761
407,husavik,66.0449,-17.3389,1.11,97,100,1.99,IS,1681327347
408,srednyaya yelyuzan,53.0241,45.9529,9.71,45,100,3.37,RU,1681327348
409,praia da vitoria,38.7333,-27.0667,17.14,88,40,3.97,PT,1681327349
410,san patricio,28.017,-97.5169,27.31,42,0,2.47,US,1681327349
411,kangaatsiaq,68.3065,-53.4641,-3.96,87,100,2.87,GL,1681327349
412,zhezkazgan,47.8043,67.7144,11.94,33,100,2.85,KZ,1681327350
413,nikolskiy,60.9151,34.0645,0.46,97,56,3.21,RU,1681327351
414,mackenzie,55.2999,-123.1698,3.12,70,0,4.63,CA,1681327351
415,araouane,18.9048,-3.5265,30.23,7,99,3.42,ML,1681327352
416,chenzhou,25.8,113.0333,21.3,92,0,1.82,CN,1681327352
417,constitucion,-35.3333,-72.4167,16.22,76,100,2.73,CL,1681327353
418,mayo,38.8876,-76.5119,30.37,29,0,3.58,US,1681327353
419,mareeba,-17.0,145.4333,22.4,98,90,0.86,AU,1681327353
420,morondava,-20.2833,44.2833,26.93,74,100,3.86,MG,1681327355
421,esperance,-33.8667,121.9,17.77,70,0,3.3,AU,1681327355
422,gazojak,41.1875,61.4036,25.53,24,100,8.84,TM,1681327355
423,fairbanks,64.8378,-147.7164,-6.62,80,100,2.06,US,1681327245
424,udachnyy,66.4167,112.4,-18.97,91,85,2.68,RU,1681327356
425,ilanskiy,56.2358,96.065,-5.33,77,62,4.71,RU,1681327357
426,egvekinot,66.3167,-179.1667,-20.3,87,100,2.89,RU,1681327357
427,san policarpo,12.1791,125.5072,24.04,86,100,1.82,PH,1681327357
428,sur,22.5667,59.5289,28.5,58,15,4.1,OM,1681327358
429,aasiaat,68.7098,-52.8699,-2.92,86,100,2.41,GL,1681327358
430,trinidad,-14.8333,-64.9,27.99,83,40,3.09,BO,1681327059
431,shemonaikha,50.6328,81.9056,-0.21,69,100,4.23,KZ,1681327359
432,saint-joseph,-21.3667,55.6167,24.21,84,18,0.97,RE,1681327359
433,ha giang,22.8333,104.9833,23.94,97,78,0.42,VN,1681327359
434,safita,34.8205,36.1153,10.97,81,96,9.14,SY,1681327359
435,sungaipenuh,-2.0833,101.3833,17.8,97,100,0.57,ID,1681327360
436,kilinochchi,9.3961,80.3982,25.22,85,0,2.51,LK,1681327360
437,havre-saint-pierre,50.2334,-63.5986,4.2,81,75,6.17,CA,1681327360
438,kushima,31.4583,131.2333,13.67,91,27,1.02,JP,1681327360
439,noumea,-22.2763,166.4572,26.11,99,100,1.68,NC,1681326968
440,erzin,36.9559,36.2,10.66,90,100,1.16,TR,1681327361
441,bahia honda,22.9036,-83.1592,29.13,54,41,3.41,CU,1681327362
442,batagay-alyta,67.8006,130.4114,-28.36,99,62,2.87,RU,1681327362
443,taywarah,33.35,64.4167,11.29,33,5,1.7,AF,1681327362
444,riyadh,24.6877,46.7219,20.08,77,100,6.56,SA,1681327029
445,wattegama,6.7989,81.4808,23.89,91,86,1.34,LK,1681327363
446,hami,42.8,93.45,10.28,38,36,2.83,CN,1681327363
447,howard springs,-12.497,131.047,25.95,99,100,1.63,AU,1681327363
448,koslan,63.4564,48.8989,-6.63,91,100,4.77,RU,1681327364
449,yerofey pavlovich,53.9667,121.9667,-10.26,95,100,1.51,RU,1681327364
450,santa teresa,10.2341,-66.6631,34.12,30,100,3.11,VE,1681327364
451,huarmey,-10.0681,-78.1522,25.64,78,93,3.3,PE,1681327365
452,sorland,67.667,12.6934,6.92,86,100,7.95,NO,1681327365
453,pemberton,50.3164,-122.8027,8.83,64,4,0.98,CA,1681327365
454,bosaso,11.2842,49.1816,28.87,72,73,0.41,SO,1681327366
455,komsomolskiy,40.4272,71.7189,12.4,87,100,1.03,UZ,1681327366
456,college,64.8569,-147.8028,-6.62,81,100,2.06,US,1681327080
457,darbhanga,26.1667,85.9,27.73,18,0,3.79,IN,1681327366
458,norman wells,65.282,-126.8329,-0.98,55,75,5.66,CA,1681327367
459,boffa,10.1667,-14.0333,28.06,67,100,4.07,GN,1681327092
460,saint-georges,12.0564,-61.7485,28.82,70,20,9.77,GD,1681327367
461,naryan-mar,67.6713,53.087,-24.04,100,23,2.42,RU,1681327368
462,state college,40.7934,-77.86,27.36,33,40,7.2,US,1681327307
463,ixtapa,20.7,-105.2,25.57,69,75,5.66,MX,1681327078
464,malayal,7.208,121.942,25.45,82,0,0.22,PH,1681327369
465,rakaia,-43.75,172.0167,12.43,98,100,2.0,NZ,1681327369
466,sioux lookout,50.1001,-91.917,17.04,36,40,2.57,CA,1681327369
467,kota tinggi,1.7381,103.8999,28.02,95,56,1.54,MY,1681327370
468,bilma,18.6853,12.9164,26.42,9,83,3.64,NE,1681327370
469,pangkalanbuun,-2.6833,111.6167,23.52,95,97,1.13,ID,1681327370
470,totness,5.8833,-56.3167,28.8,67,46,4.33,SR,1681327371
471,visnes,59.3556,5.2242,9.03,46,75,9.77,NO,1681327371
472,mecca,21.4267,39.8261,23.51,48,8,5.59,SA,1681327371
473,emerald,-23.5333,148.1667,22.62,36,0,3.01,AU,1681327288
474,ranau,5.9538,116.6641,19.61,96,4,0.78,MY,1681327372
475,karratha,-20.7377,116.8463,28.73,69,100,1.76,AU,1681327372
476,vung tau,10.346,107.0843,27.58,78,100,4.03,VN,1681327372
477,teya,60.3778,92.6267,-5.08,92,100,5.53,RU,1681327373
478,malinovoye ozero,51.6753,79.7825,4.12,38,100,5.76,RU,1681327373
479,lahij,13.1667,44.5833,26.12,64,84,3.65,YE,1681327373
480,hearst,49.6835,-83.6665,18.14,83,99,2.24,CA,1681327373
481,itarema,-2.9248,-39.9167,27.57,78,82,4.91,BR,1681327374
482,yeppoon,-23.1333,150.7333,18.88,90,0,3.96,AU,1681327374
483,mankono,8.0586,-6.1897,29.82,40,53,1.92,CI,1681327374
484,davidson,36.1501,-86.7833,26.33,23,20,2.57,US,1681327374
485,seoul,37.5683,126.9778,5.69,81,99,4.12,KR,1681327000
486,lanzhou,36.0564,103.7922,14.68,32,100,4.22,CN,1681327224
487,poso,-1.3959,120.7524,25.75,85,100,1.77,ID,1681327375
488,walvis bay,-22.9575,14.5053,16.54,72,0,4.76,NA,1681327376
489,quatre cocos,-20.2078,57.7625,24.49,83,18,3.29,MU,1681327376
490,moose factory,51.2585,-80.6094,2.0,69,0,7.72,CA,1681327376
491,kobyzhcha,50.8285,31.5044,9.16,91,100,5.83,UA,1681327377
492,calvinia,-31.4707,19.776,16.73,18,98,2.34,ZA,1681327377
493,troitsko-pechorsk,62.7084,56.1964,-6.28,91,100,4.88,RU,1681327377
494,izoplit,56.6256,36.222,9.67,61,100,2.34,RU,1681327377
495,ketchikan,55.3422,-131.6461,4.99,81,100,5.14,US,1681327378
496,port said,31.2565,32.2841,16.99,63,20,5.14,EG,1681327378
497,uyuni,-20.4597,-66.825,15.54,17,0,7.02,BO,1681327379
498,tanout,14.9709,8.8879,28.41,10,27,5.15,NE,1681327379
499,salair,54.2312,85.7972,-1.0,62,100,4.21,RU,1681327379
500,sosnovo,60.5514,30.2144,1.83,98,79,2.66,RU,1681327380
501,buarcos,40.166,-8.8768,13.7,72,5,7.33,PT,1681327380
502,mayya,61.7333,130.2811,-6.38,96,100,1.83,RU,1681327380
503,gizo,-8.103,156.8419,26.27,82,93,1.76,SB,1681327381
504,kirakira,-10.4544,161.9205,26.08,83,51,0.04,SB,1681327381
505,plettenberg bay,-34.0527,23.3716,15.91,59,100,0.78,ZA,1681327381
506,kandrian,-6.2167,149.55,25.35,87,89,2.2,PG,1681327381
507,kilindoni,-7.9139,39.6668,27.77,78,100,3.34,TZ,1681327382
508,kenmare,51.8833,-9.5833,8.37,70,5,7.54,IE,1681327382
509,mokolo,10.7398,13.8019,29.89,16,100,3.26,CM,1681327383
510,abha,18.2164,42.5053,17.9,82,0,2.57,SA,1681327383
511,salimpur,28.128,76.2766,28.52,25,92,2.19,IN,1681327384
512,zhangzhou,24.5133,117.6556,20.96,84,3,0.46,CN,1681327385
513,morozovsk,48.3539,41.8261,14.06,52,75,8.7,RU,1681327385
514,san antonio,29.4241,-98.4936,26.93,42,20,3.6,US,1681326601
515,babu,24.4167,111.5167,22.49,93,10,1.1,CN,1681327386
516,iquique,-20.2208,-70.1431,24.02,68,7,1.73,CL,1681326839
517,wellington,-41.2866,174.7756,15.03,93,100,5.66,NZ,1681326616
518,opuwo,-18.0607,13.84,23.92,35,54,2.77,NA,1681327387
519,mount gambier,-37.8333,140.7667,14.89,95,60,3.48,AU,1681327297
520,kahuta,33.5913,73.3868,22.69,36,0,3.47,PK,1681327389
521,meulaboh,4.1363,96.1285,25.38,86,98,1.69,ID,1681327389
522,kalaleh,37.3807,55.4916,17.2,26,43,1.35,IR,1681327390
523,chapais,49.7834,-74.8492,-0.12,65,78,3.0,CA,1681327390
524,keelung,25.1283,121.7419,25.03,93,83,4.23,TW,1681327391
525,skjervoy,70.0311,20.9714,3.0,75,14,8.44,NO,1681327392
526,limon,10.0,-83.0333,30.03,74,0,3.09,CR,1681327393
527,tolmachevo,54.9824,82.7363,2.99,44,0,5.0,RU,1681327393
528,quelimane,-17.8786,36.8883,22.78,88,1,1.53,MZ,1681327394
529,manaure,11.7751,-72.4445,31.07,56,97,6.6,CO,1681327394
530,caraquet,47.7941,-64.9386,10.3,89,76,4.99,CA,1681327395
531,sisimiut,66.9395,-53.6735,-3.16,86,98,4.23,GL,1681327395
532,buala,-8.145,159.5921,25.33,89,96,3.52,SB,1681327396
533,wufeng,27.45,104.8333,14.03,90,59,0.38,CN,1681327396
534,matara,5.9485,80.5353,25.76,86,98,3.2,LK,1681327397
535,feijo,-8.1642,-70.3536,31.73,58,98,0.73,BR,1681327397
536,the valley,18.217,-63.0578,28.92,74,40,5.66,AI,1681327398
537,macheng,31.1783,115.0319,20.37,81,100,0.79,CN,1681327398
538,noyabrsk,63.1994,75.4507,-26.53,93,72,3.8,RU,1681327399
539,ferrol,43.4832,-8.2369,11.26,69,65,6.94,ES,1681327400
540,manasa,24.4837,75.2687,28.1,24,9,3.51,IN,1681327400
541,wanaka,-44.7,169.15,11.17,88,100,0.45,NZ,1681327354
542,lompoc,34.6391,-120.4579,19.36,66,75,8.75,US,1681327401
543,aklavik,68.2191,-135.0107,-17.0,55,75,3.09,CA,1681327402
544,barra do bugres,-15.0725,-57.1811,29.36,71,77,1.37,BR,1681327402
545,zelenogorskiy,55.0333,87.0,-1.52,71,100,4.16,RU,1681327403
546,lavrentiya,65.5833,-171.0,-18.7,92,65,1.65,RU,1681327404
547,billings,45.7833,-108.5007,12.94,35,40,8.75,US,1681327404
548,flinders,-34.5833,150.8552,14.65,87,59,4.8,AU,1681327404
549,erenhot,43.6475,111.9767,9.1,24,100,2.92,CN,1681327405
550,korla,41.7597,86.1469,13.18,30,100,7.61,CN,1681327407
551,half moon bay,37.4636,-122.4286,16.7,63,75,10.8,US,1681327407
552,linxia,35.6003,103.2064,12.35,50,100,1.76,CN,1681327407
